,n_comps,error
0,5,0.1667250260867723
1,5,0.02330621742714556
2,5,0.0005228654539422006
3,5,0.0003834876780819396
4,5,0.00013194273081773567
