n_comps,error
1,0.1697190822910145
2,0.022792822329820273
3,0.00025143264450377956
4,0.00011397467875706724
5,0.00029385006271986924
